Drop TABLE IF EXISTS Schedule, Relationship,Residences,PrimaryLiving,SecondaryLiving, Employees, Vaccines, Infections, Persons, Facilities;

CREATE TABLE IF NOT EXISTS Persons (
    pid INT PRIMARY KEY,
    ssn INT NOT NULL UNIQUE,
    firstName VARCHAR(255),
    lastName VARCHAR(255),
    dateOfBirth DATE,
    medicare INT NOT NULL UNIQUE,
    telephone VARCHAR(15),
    email VARCHAR(255),
    citizenship VARCHAR(255),
    occupation VARCHAR(255)
);

INSERT INTO Persons VALUES
(1, 962981344, 'Natalie', 'Hall', '1951-04-06', 381295078, '384-147-4044', 'natalie.hall@email.com', 'Canada', 'fulltime'),
(2, 747977193, 'Hannah', 'Young', '1960-06-05', 251210063, '852-235-8887', 'hannah.young@email.com', 'Canada', 'fulltime'),
(3, 433921904, 'Richard', 'Wright', '1956-04-15', 894319237, '334-462-8891', 'richard.wright@email.com', 'USA', 'fulltime'),
(4, 873573057, 'Donald', 'Davis', '1998-12-06', 734047546, '462-228-4949', 'donald.davis@email.com', 'Canada', 'fulltime'),
(5, 463858179, 'Paul', 'Lee', '1972-06-24', 906022184, '720-600-1814', 'paul.lee@email.com', 'USA', 'fulltime'),
(6, 760893284, 'Mark', 'Martin', '1954-10-27', 542537604, '174-270-6812', 'mark.martin@email.com', 'USA', 'fulltime'),
(7, 729518404, 'Sarah', 'Jackson', '1995-09-13', 704641667, '302-974-3551', 'sarah.jackson@email.com', 'USA', 'fulltime'),
(8, 579505200, 'Robert', 'Thompson', '1970-10-08', 352420506, '531-465-1383', 'robert.thompson@email.com', 'USA', 'fulltime'),
(9, 904771629, 'Emma', 'Robinson', '1979-03-25', 475796105, '369-464-1947', 'emma.robinson@email.com', 'Canada', 'fulltime'),
(10, 112433904, 'Michael', 'King', '1962-11-07', 784341103, '868-798-7897', 'michael.king@email.com', 'Canada', 'fulltime'),
(11, 494153805, 'Sarah', 'Robinson', '1963-10-27', 495616113, '368-370-2081', 'sarah.robinson@email.com', 'Canada', 'fulltime'),
(12, 746510525, 'Lillian', 'Rodriguez', '1984-06-25', 708886920, '736-909-6951', 'lillian.rodriguez@email.com', 'Canada', 'fulltime'),
(13, 938732124, 'Robert', 'Wright', '1955-01-27', 329418569, '387-437-8450', 'robert.wright@email.com', 'Canada', 'fulltime'),
(14, 365627891, 'Sarah', 'Jackson', '1973-02-03', 508801657, '386-383-8771', 'sarah.jackson@email.com', 'Canada', 'fulltime'),
(15, 893482649, 'George', 'Brown', '1976-08-03', 438391650, '869-695-2379', 'george.brown@email.com', 'USA', 'fulltime'),
(16, 397131427, 'Mary', 'Davis', '1973-02-14', 186262053, '376-526-5003', 'mary.davis@email.com', 'Canada', 'fulltime'),
(17, 855987269, 'Jennifer', 'White', '1981-09-02', 471292174, '290-241-5508', 'jennifer.white@email.com', 'Canada', 'fulltime'),
(18, 681176715, 'Chloe', 'Brown', '1961-09-28', 641619102, '138-373-3041', 'chloe.brown@email.com', 'USA', 'fulltime'),
(19, 871548966, 'Lillian', 'Young', '1987-08-27', 260955070, '765-305-7128', 'lillian.young@email.com', 'Canada', 'fulltime'),
(20, 910607228, 'Joseph', 'Thomas', '1969-07-03', 720467258, '538-514-9427', 'joseph.thomas@email.com', 'Canada', 'fulltime'),
(21, 349185885, 'John', 'Anderson', '1979-07-19', 580416491, '483-404-3673', 'john.anderson@email.com', 'Canada', 'fulltime'),
(22, 613676269, 'Lillian', 'Anderson', '1976-09-02', 786944249, '919-997-3894', 'lillian.anderson@email.com', 'Canada', 'fulltime'),
(23, 704519629, 'Henry', 'Martinez', '1953-02-11', 989884750, '987-812-8510', 'henry.martinez@email.com', 'USA', 'fulltime'),
(24, 434773730, 'Henry', 'Garcia', '1999-04-16', 186407541, '586-827-4083', 'henry.garcia@email.com', 'Canada', 'fulltime'),
(25, 773553068, 'Joseph', 'Thomas', '1960-03-24', 455272853, '337-699-3685', 'joseph.thomas@email.com', 'Canada', 'fulltime'),
(26, 106894847, 'Andrew', 'King', '1994-11-06', 481963038, '743-704-2472', 'andrew.king@email.com', 'Canada', 'fulltime'),
(27, 819849695, 'Mary', 'Jackson', '1971-08-06', 837978728, '238-417-2501', 'mary.jackson@email.com', 'Canada', 'fulltime'),
(28, 407257853, 'Jennifer', 'Young', '1952-01-13', 319346704, '333-479-6397', 'jennifer.young@email.com', 'USA', 'fulltime'),
(29, 806600825, 'Emma', 'Garcia', '1991-09-14', 709400702, '612-326-8917', 'emma.garcia@email.com', 'Canada', 'fulltime'),
(30, 801006177, 'Charlotte', 'Garcia', '1977-07-07', 233252551, '542-543-3007', 'charlotte.garcia@email.com', 'Canada', 'fulltime'),
(31, 199473662, 'Charlotte', 'Thomas', '1997-06-23', 915518457, '220-488-9394', 'charlotte.thomas@email.com', 'Canada', 'fulltime'),
(32, 299456418, 'George', 'Jones', '1996-10-15', 257196437, '331-677-3494', 'george.jones@email.com', 'Canada', 'fulltime'),
(33, 299638687, 'Victoria', 'Hall', '1997-07-12', 545618456, '294-632-4308', 'victoria.hall@email.com', 'Canada', 'fulltime'),
(34, 531459439, 'Sophia', 'Johnson', '1992-02-09', 476596574, '633-633-4488', 'sophia.johnson@email.com', 'USA', 'fulltime'),
(35, 351939755, 'Elizabeth', 'Jones', '1951-11-16', 473626961, '919-854-8078', 'elizabeth.jones@email.com', 'Canada', 'fulltime'),
(36, 253179592, 'Hannah', 'Lewis', '1994-06-04', 487449528, '238-863-2038', 'hannah.lewis@email.com', 'Canada', 'fulltime'),
(37, 954613236, 'Hannah', 'Williams', '1967-12-27', 116879400, '870-986-4243', 'hannah.williams@email.com', 'Canada', 'fulltime'),
(38, 185751963, 'Charlotte', 'Wright', '1956-08-01', 311586373, '268-748-7963', 'charlotte.wright@email.com', 'USA', 'fulltime'),
(39, 323912340, 'William', 'Young', '1978-12-25', 954434611, '653-940-2032', 'william.young@email.com', 'Canada', 'fulltime'),
(40, 380962184, 'Isabella', 'Williams', '1962-11-22', 358203719, '148-790-6438', 'isabella.williams@email.com', 'USA', 'fulltime'),
(41, 869104928, 'Charlotte', 'Wilson', '1993-05-01', 481406456, '850-367-9314', 'charlotte.wilson@email.com', 'Canada', 'fulltime'),
(42, 594376039, 'Matthew', 'Taylor', '1976-11-15', 532923597, '231-770-7030', 'matthew.taylor@email.com', 'Canada', 'fulltime'),
(43, 140929993, 'Anthony', 'Martin', '1996-11-28', 224493697, '311-727-6754', 'anthony.martin@email.com', 'Canada', 'fulltime'),
(44, 956506845, 'Emily', 'Anderson', '1987-10-04', 878434835, '774-319-5813', 'emily.anderson@email.com', 'Canada', 'fulltime'),
(45, 908905832, 'Charlotte', 'Jackson', '1979-08-08', 430599073, '589-137-4132', 'charlotte.jackson@email.com', 'Canada', 'fulltime'),
(46, 929930854, 'Sarah', 'Wright', '1960-01-05', 792244309, '972-875-1259', 'sarah.wright@email.com', 'Canada', 'fulltime'),
(47, 789564121, 'Sarah', 'Moore', '1958-07-10', 254768085, '829-112-2978', 'sarah.moore@email.com', 'Canada', 'fulltime'),
(48, 779414994, 'Chloe', 'Brown', '1977-10-05', 280000200, '754-123-7517', 'chloe.brown@email.com', 'Canada', 'fulltime'),
(49, 658193377, 'Charlotte', 'Thomas', '1966-03-21', 874978563, '979-527-7490', 'charlotte.thomas@email.com', 'USA', 'fulltime'),
(50, 334940624, 'Ella', 'King', '1953-02-23', 294135876, '496-708-4323', 'ella.king@email.com', 'Canada', 'fulltime'),
(51, 903039894, 'Andrew', 'Martin', '1993-11-07', 747140982, '408-864-1782', 'andrew.martin@email.com', 'Canada', 'fulltime'),
(52, 150284031, 'Lillian', 'Taylor', '1993-04-10', 158928035, '764-195-7654', 'lillian.taylor@email.com', 'Canada', 'fulltime'),
(53, 201939787, 'Edward', 'Williams', '1968-07-03', 887806737, '297-651-7339', 'edward.williams@email.com', 'Canada', 'fulltime'),
(54, 395108643, 'Victoria', 'Lee', '1962-02-02', 260256308, '996-954-5188', 'victoria.lee@email.com', 'Canada', 'fulltime'),
(55, 195783707, 'Natalie', 'Martinez', '1970-11-24', 929198389, '356-655-7424', 'natalie.martinez@email.com', 'USA', 'fulltime'),
(56, 505433570, 'Michael', 'White', '1995-06-16', 260807437, '399-697-2908', 'michael.white@email.com', 'USA', 'fulltime'),
(57, 350200811, 'Joseph', 'Wright', '1983-03-28', 177344876, '443-878-4541', 'joseph.wright@email.com', 'USA', 'fulltime'),
(58, 527515720, 'Elizabeth', 'Miller', '1957-11-21', 653937136, '148-775-1704', 'elizabeth.miller@email.com', 'Canada', 'fulltime'),
(59, 614139874, 'Joseph', 'Lewis', '1953-01-02', 468063163, '943-325-1482', 'joseph.lewis@email.com', 'Canada', 'fulltime'),
(60, 668887339, 'Grace', 'Brown', '1974-05-25', 665458924, '696-212-4184', 'grace.brown@email.com', 'Canada', 'fulltime'),
(61, 522091666, 'Mary', 'Robinson', '1999-09-28', 413037259, '103-441-2556', 'mary.robinson@email.com', 'Canada', 'fulltime'),
(62, 488370330, 'Mark', 'Robinson', '1990-03-02', 214370036, '903-736-2738', 'mark.robinson@email.com', 'Canada', 'fulltime'),
(63, 924809428, 'Matthew', 'Brown', '1976-05-28', 105746941, '764-100-4279', 'matthew.brown@email.com', 'Canada', 'fulltime'),
(64, 293261463, 'Jennifer', 'Williams', '1966-04-26', 886163443, '256-343-2861', 'jennifer.williams@email.com', 'Canada', 'fulltime'),
(65, 380375166, 'Lillian', 'Young', '1971-09-13', 173773154, '411-413-7309', 'lillian.young@email.com', 'USA', 'fulltime'),
(66, 489952545, 'Andrew', 'Moore', '1962-04-11', 713531921, '878-570-1095', 'andrew.moore@email.com', 'Canada', 'fulltime'),
(67, 266424575, 'John', 'Clark', '1953-12-09', 600234234, '357-331-5524', 'john.clark@email.com', 'Canada', 'fulltime'),
(68, 421790272, 'Ava', 'Hall', '1963-10-22', 831644462, '916-394-1858', 'ava.hall@email.com', 'USA', 'fulltime'),
(69, 130153167, 'Richard', 'Allen', '1982-08-27', 590339295, '899-553-4465', 'richard.allen@email.com', 'Canada', 'fulltime'),
(70, 283879226, 'Emily', 'Martinez', '1968-05-11', 666838923, '174-870-8337', 'emily.martinez@email.com', 'USA', 'fulltime'),
(71, 900304006, 'Brian', 'Hall', '1978-11-01', 431656473, '913-999-3110', 'brian.hall@email.com', 'Canada', 'fulltime'),
(72, 785533585, 'Daniel', 'King', '1959-03-23', 209526096, '919-600-5174', 'daniel.king@email.com', 'Canada', 'fulltime'),
(73, 722625682, 'Anna', 'Hall', '1995-04-09', 254373515, '665-417-9161', 'anna.hall@email.com', 'USA', 'fulltime'),
(74, 740862876, 'Richard', 'Rodriguez', '1983-12-10', 170486952, '889-611-4154', 'richard.rodriguez@email.com', 'Canada', 'fulltime'),
(75, 624139173, 'Mark', 'Robinson', '1978-02-03', 269232141, '983-258-5018', 'mark.robinson@email.com', 'Canada', 'fulltime'),
(76, 784401222, 'Joseph', 'Miller', '1976-07-23', 498836000, '217-718-8181', 'joseph.miller@email.com', 'Canada', 'fulltime'),
(77, 762790832, 'Jane', 'Thomas', '1973-01-14', 534415685, '612-957-3803', 'jane.thomas@email.com', 'Canada', 'fulltime'),
(78, 171229337, 'Madison', 'Jackson', '1963-04-14', 501054652, '294-575-9595', 'madison.jackson@email.com', 'USA', 'fulltime'),
(79, 211549920, 'Paul', 'Jackson', '1995-07-19', 531792369, '270-458-6551', 'paul.jackson@email.com', 'Canada', 'fulltime'),
(80, 849002970, 'Madison', 'Taylor', '1991-07-18', 180605212, '159-239-5377', 'madison.taylor@email.com', 'Canada', 'fulltime'),
(81, 764775393, 'Christopher', 'Thompson', '1970-12-10', 788794990, '930-774-8620', 'christopher.thompson@email.com', 'Canada', 'fulltime'),
(82, 204609787, 'Kevin', 'Anderson', '1989-06-25', 355730268, '691-983-1419', 'kevin.anderson@email.com', 'Canada', 'fulltime'),
(83, 224271996, 'Anthony', 'Jones', '1951-12-11', 625864081, '447-895-7545', 'anthony.jones@email.com', 'Canada', 'fulltime'),
(84, 633775147, 'Ella', 'Robinson', '1989-06-13', 652426957, '589-263-5119', 'ella.robinson@email.com', 'Canada', 'fulltime'),
(85, 870172255, 'Robert', 'Wilson', '1962-03-14', 977344909, '170-731-3843', 'robert.wilson@email.com', 'Canada', 'fulltime'),
(86, 777338642, 'Chloe', 'Clark', '1966-09-03', 982674142, '626-518-6633', 'chloe.clark@email.com', 'Canada', 'fulltime'),
(87, 418003303, 'Chloe', 'Davis', '1969-09-12', 110378479, '682-910-8028', 'chloe.davis@email.com', 'USA', 'fulltime'),
(88, 664105451, 'Donald', 'Brown', '1995-11-10', 921278745, '399-584-5238', 'donald.brown@email.com', 'Canada', 'fulltime'),
(89, 549250131, 'Elizabeth', 'Martinez', '1997-12-20', 681597760, '808-268-5633', 'elizabeth.martinez@email.com', 'USA', 'fulltime'),
(90, 264820568, 'Christopher', 'Williams', '1995-04-16', 882045749, '907-577-8141', 'christopher.williams@email.com', 'Canada', 'fulltime'),
(91, 815205007, 'Amelia', 'Thompson', '1972-10-10', 993096038, '227-237-5797', 'amelia.thompson@email.com', 'Canada', 'fulltime'),
(92, 884158476, 'Lily', 'Thompson', '1963-03-24', 387913182, '307-603-6268', 'lily.thompson@email.com', 'Canada', 'fulltime'),
(93, 286256248, 'Isabella', 'Moore', '1992-06-28', 495579227, '346-483-4920', 'isabella.moore@email.com', 'Canada', 'fulltime'),
(94, 436477384, 'Steven', 'Wilson', '1992-03-16', 142300923, '312-872-3246', 'steven.wilson@email.com', 'USA', 'fulltime'),
(95, 428878031, 'Victoria', 'Williams', '1980-03-19', 350168957, '770-549-2072', 'victoria.williams@email.com', 'Canada', 'fulltime'),
(96, 403571275, 'Natalie', 'Miller', '1991-01-12', 141786807, '975-120-9633', 'natalie.miller@email.com', 'Canada', 'fulltime'),
(97, 376632609, 'Michael', 'Martinez', '1974-10-20', 617459899, '203-482-7791', 'michael.martinez@email.com', 'Canada', 'fulltime'),
(98, 516225371, 'William', 'Thompson', '1984-07-13', 988881131, '751-917-8819', 'william.thompson@email.com', 'USA', 'fulltime'),
(99, 913336535, 'William', 'Robinson', '1999-04-12', 386173215, '914-697-1784', 'william.robinson@email.com', 'Canada', 'fulltime'),
(100, 410653907, 'Paul', 'Young', '1988-10-19', 488516556, '864-536-7781', 'paul.young@email.com', 'Canada', 'fulltime'),
(101, 169337710, 'Paul', 'King', '1987-04-21', 837388266, '368-716-6840', 'paul.king@email.com', 'Canada', 'fulltime'),
(102, 497174213, 'Joshua', 'Walker', '1989-02-24', 905679487, '377-312-1968', 'joshua.walker@email.com', 'Canada', 'fulltime'),
(103, 201104142, 'Chloe', 'Thomas', '1956-04-12', 405893855, '389-539-8800', 'chloe.thomas@email.com', 'Canada', 'fulltime'),
(104, 660969163, 'Jennifer', 'Martinez', '1975-08-09', 359452119, '806-704-8172', 'jennifer.martinez@email.com', 'Canada', 'fulltime'),
(105, 806461834, 'Samantha', 'King', '1972-01-05', 711481463, '814-975-6706', 'samantha.king@email.com', 'Canada', 'fulltime'),
(106, 142519121, 'Paul', 'Anderson', '1976-08-05', 399362785, '218-925-8156', 'paul.anderson@email.com', 'Canada', 'fulltime'),
(107, 834494396, 'Ella', 'Clark', '1969-10-20', 812663773, '239-305-9755', 'ella.clark@email.com', 'Canada', 'fulltime'),
(108, 730817656, 'Sarah', 'Miller', '1993-06-11', 372655808, '189-516-3274', 'sarah.miller@email.com', 'Canada', 'fulltime'),
(109, 907755584, 'Kevin', 'Williams', '1993-07-28', 255320252, '780-484-5043', 'kevin.williams@email.com', 'USA', 'fulltime'),
(110, 757475632, 'David', 'Johnson', '1968-12-26', 594637632, '960-597-1830', 'david.johnson@email.com', 'Canada', 'fulltime'),
(111, 202843263, 'George', 'Moore', '1953-07-02', 968813014, '676-758-1268', 'george.moore@email.com', 'Canada', 'fulltime'),
(112, 315617511, 'Jane', 'Williams', '1993-01-13', 447786129, '820-831-3787', 'jane.williams@email.com', 'USA', 'fulltime'),
(113, 100250475, 'Lily', 'Lee', '1985-04-25', 479304136, '583-520-2187', 'lily.lee@email.com', 'Canada', 'fulltime'),
(114, 974447009, 'Christopher', 'Rodriguez', '1980-08-09', 447975733, '805-109-8941', 'christopher.rodriguez@email.com', 'Canada', 'fulltime'),
(115, 167371107, 'Mary', 'Wright', '1954-07-09', 205479998, '540-522-1740', 'mary.wright@email.com', 'Canada', 'fulltime'),
(116, 636159310, 'Samantha', 'White', '1994-03-10', 286752228, '792-199-2813', 'samantha.white@email.com', 'Canada', 'fulltime'),
(117, 407508422, 'Amelia', 'Rodriguez', '1977-05-25', 661071488, '809-657-4975', 'amelia.rodriguez@email.com', 'USA', 'fulltime'),
(118, 533468252, 'Edward', 'King', '1989-10-22', 233250031, '377-360-5982', 'edward.king@email.com', 'Canada', 'fulltime'),
(119, 982052211, 'Edward', 'Allen', '1967-01-22', 624629700, '975-539-9508', 'edward.allen@email.com', 'Canada', 'fulltime'),
(120, 932665866, 'Robert', 'Lee', '1995-11-16', 243438414, '257-627-5160', 'robert.lee@email.com', 'Canada', 'fulltime'),
(121, 855526128, 'Evelyn', 'Wright', '1985-05-07', 568333997, '161-732-1607', 'evelyn.wright@email.com', 'USA', 'fulltime'),
(122, 604766930, 'Abigail', 'Allen', '1993-07-20', 845359019, '388-763-8363', 'abigail.allen@email.com', 'Canada', 'fulltime'),
(123, 567574520, 'Anthony', 'Wilson', '1956-07-21', 762460784, '137-367-4831', 'anthony.wilson@email.com', 'Canada', 'fulltime'),
(124, 929746563, 'Brian', 'King', '1965-11-11', 300526935, '519-390-1212', 'brian.king@email.com', 'Canada', 'fulltime'),
(125, 615827716, 'Robert', 'Smith', '1974-07-18', 554914698, '173-147-1922', 'robert.smith@email.com', 'Canada', 'fulltime'),
(126, 432630579, 'Michael', 'Brown', '1977-04-18', 915635546, '576-632-4953', 'michael.brown@email.com', 'Canada', 'fulltime'),
(127, 508787086, 'William', 'Thompson', '1957-06-26', 678283098, '129-573-1215', 'william.thompson@email.com', 'Canada', 'fulltime'),
(128, 543146232, 'Evelyn', 'Thomas', '1958-06-14', 103683220, '224-421-8547', 'evelyn.thomas@email.com', 'Canada', 'fulltime'),
(129, 905112144, 'Madison', 'Williams', '1997-07-16', 419458030, '797-143-2567', 'madison.williams@email.com', 'Canada', 'fulltime'),
(130, 782054529, 'George', 'Robinson', '1951-05-27', 609574150, '321-258-6533', 'george.robinson@email.com', 'Canada', 'fulltime'),
(131, 658020665, 'David', 'Moore', '1964-03-03', 821733611, '179-138-6979', 'david.moore@email.com', 'Canada', 'fulltime'),
(132, 956838216, 'Steven', 'Moore', '1992-01-17', 174050043, '987-364-3450', 'steven.moore@email.com', 'Canada', 'fulltime'),
(133, 162399206, 'Amelia', 'Wright', '1959-01-21', 148518808, '781-554-4581', 'amelia.wright@email.com', 'Canada', 'fulltime'),
(134, 337253512, 'Emma', 'Lewis', '1960-03-06', 127372929, '119-659-4518', 'emma.lewis@email.com', 'USA', 'fulltime'),
(135, 832695092, 'Andrew', 'Wright', '1990-12-22', 737675831, '537-937-2403', 'andrew.wright@email.com', 'Canada', 'fulltime'),
(136, 412377922, 'Natalie', 'Johnson', '1994-09-06', 517006098, '807-559-3366', 'natalie.johnson@email.com', 'USA', 'developer'),
(137, 285024189, 'Mary', 'Anderson', '1972-08-16', 988515825, '688-186-6390', 'mary.anderson@email.com', 'Canada', 'developer'),
(138, 964816934, 'David', 'Rodriguez', '1950-07-07', 300773974, '147-855-7579', 'david.rodriguez@email.com', 'Canada', 'CEO'),
(139, 189088146, 'Evelyn', 'Jones', '1988-07-04', 935970133, '680-968-1311', 'evelyn.jones@email.com', 'Canada', 'therapist'),
(140, 253972079, 'Daniel', 'Brown', '1962-02-01', 445542664, '327-116-1381', 'daniel.brown@email.com', 'Canada', 'electrician'),
(141, 405442343, 'George', 'Taylor', '1997-04-20', 150169984, '589-399-5467', 'george.taylor@email.com', 'USA', 'artist'),
(142, 667155998, 'Donald', 'Jones', '1966-10-27', 356553186, '188-165-5876', 'donald.jones@email.com', 'Canada', 'professor'),
(143, 709674847, 'Paul', 'Brown', '1996-12-18', 372139830, '468-451-3263', 'paul.brown@email.com', 'Canada', 'mechanic'),
(144, 244066382, 'Charlotte', 'Walker', '1965-01-28', 371194212, '812-992-1763', 'charlotte.walker@email.com', 'Canada', 'analyst'),
(145, 820303827, 'Steven', 'Taylor', '1982-01-16', 435637822, '673-833-1043', 'steven.taylor@email.com', 'Canada', 'mechanic'),
(146, 235797562, 'Michael', 'White', '1993-07-24', 934804366, '829-277-6259', 'michael.white@email.com', 'Canada', 'student'),
(147, 934129350, 'Brian', 'Harris', '1963-11-03', 833352753, '707-626-5345', 'brian.harris@email.com', 'Canada', 'police officer'),
(148, 172306651, 'William', 'Robinson', '1989-07-28', 857497578, '676-210-8276', 'william.robinson@email.com', 'Canada', 'analyst'),
(149, 877944499, 'Mark', 'Wilson', '1950-11-20', 909609469, '151-681-9580', 'mark.wilson@email.com', 'Canada', 'researcher'),
(150, 102668293, 'Richard', 'Miller', '1964-10-01', 701044948, '367-613-5276', 'richard.miller@email.com', 'Canada', 'mechanic');


CREATE TABLE Residences (
    rid INT PRIMARY KEY,
    address VARCHAR(255),
    type ENUM('apartment', 'condominium', 'semidetached house', 'house'),
    telephone VARCHAR(15),
	city VARCHAR(50),	
    province VARCHAR(50),
    postalCode VARCHAR(10),
    bedroom INT
);

INSERT INTO Residences VALUES
(1, '1234 Mountain St', 'apartment', '514-123-4567', 'Montreal', 'QC', 'H3H 1Z1', 3),
(2, '5678 Forest Ave', 'house', '514-234-5678', 'Montreal', 'QC', 'H4H 2X2', 4),
(3, '91011 River Rd', 'condominium', '514-345-6789', 'Montreal', 'QC', 'H5H 3Y3', 2),
(4, '1213 Valley Dr', 'semidetached house', '514-456-7890', 'Montreal', 'QC', 'H6H 4W4', 3),
(5, '1415 Sunset Blvd', 'apartment', '514-567-8901', 'Montreal', 'QC', 'H7H 5V5', 2),
(6, '1617 Lakeview St', 'house', '514-678-9012', 'Montreal', 'QC', 'H8H 6U6', 5),
(7, '1819 Maple Ave', 'apartment', '514-789-0123', 'Montreal', 'QC', 'H9H 7T7', 1),
(8, '2021 Oak St', 'house', '514-890-1234', 'Montreal', 'QC', 'H1H 8R8', 4),
(9, '2223 Pine Rd', 'semidetached house', '514-901-2345', 'Montreal', 'QC', 'H2H 9Q9', 3),
(10, '2425 Birch Blvd', 'apartment', '514-012-3456', 'Montreal', 'QC', 'H3H 0P0', 2),
(11, '2627 Cedar St', 'house', '514-123-4567', 'Montreal', 'QC', 'H4H 1Z1', 5),
(12, '2829 Elm Ave', 'condominium', '514-234-5678', 'Montreal', 'QC', 'H5H 2X2', 2),
(13, '3031 Fir Rd', 'semidetached house', '514-345-6789', 'Montreal', 'QC', 'H6H 3Y3', 3),
(14, '3233 Grove Dr', 'apartment', '514-456-7890', 'Montreal', 'QC', 'H7H 4W4', 2),
(15, '3435 Hillside Blvd', 'house', '514-567-8901', 'Montreal', 'QC', 'H8H 5V5', 4),
(16, '3637 Ivy St', 'apartment', '514-678-9012', 'Montreal', 'QC', 'H9H 6U6', 1),
(17, '3839 Juniper Ave', 'house', '514-789-0123', 'Montreal', 'QC', 'H1H 7T7', 5),
(18, '4041 King Rd', 'semidetached house', '514-890-1234', 'Montreal', 'QC', 'H2H 8R8', 3),
(19, '4243 Linden Blvd', 'apartment', '514-901-2345', 'Montreal', 'QC', 'H3H 9Q9', 2),
(20, '4445 Maplewood St', 'house', '514-012-3456', 'Montreal', 'QC', 'H4H 0P0', 4),
(21, '4647 Oakwood Ave', 'condominium', '416-123-4567', 'Toronto', 'ON', 'M1M 1A1', 2),
(22, '4849 Pinehurst Dr', 'house', '416-234-5678', 'Toronto', 'ON', 'M2M 2B2', 4),
(23, '5051 Queen St', 'apartment', '416-345-6789', 'Toronto', 'ON', 'M3M 3C3', 1),
(24, '5253 Richmond Ave', 'semidetached house', '416-456-7890', 'Toronto', 'ON', 'M4M 4D4', 3),
(25, '5455 Somerset Rd', 'house', '416-567-8901', 'Toronto', 'ON', 'M5M 5E5', 5),
(26, '5657 Taylor St', 'apartment', '416-678-9012', 'Toronto', 'ON', 'M6M 6F6', 2),
(27, '5859 Union Blvd', 'house', '416-789-0123', 'Toronto', 'ON', 'M7M 7G7', 4),
(28, '6061 Victoria Ave', 'condominium', '416-890-1234', 'Toronto', 'ON', 'M8M 8H8', 2),
(29, '6263 Wellington Dr', 'apartment', '416-901-2345', 'Toronto', 'ON', 'M9M 9I9', 1),
(30, '6465 Winston St', 'house', '416-012-3456', 'Toronto', 'ON', 'M1M 1B1', 5),
(31, '6667 Yates Rd', 'semidetached house', '416-123-4567', 'Toronto', 'ON', 'M2M 2C2', 3),
(32, '6869 Zephyr Ave', 'apartment', '416-234-5678', 'Toronto', 'ON', 'M3M 3D3', 2),
(33, '7071 Applewood Dr', 'house', '403-345-6789', 'Calgary', 'AB', 'T1T 1E1', 4),
(34, '7273 Birchwood St', 'semidetached house', '403-456-7890', 'Calgary', 'AB', 'T2T 2F2', 3),
(35, '7475 Cedarwood Ave', 'apartment', '403-567-8901', 'Calgary', 'AB', 'T3T 3G3', 1),
(36, '7677 Dogwood Rd', 'house', '403-678-9012', 'Calgary', 'AB', 'T4T 4H4', 5),
(37, '7879 Elmwood Blvd', 'semidetached house', '403-789-0123', 'Calgary', 'AB', 'T5T 5I5', 3),
(38, '8081 Firwood Dr', 'apartment', '604-901-2345', 'Vancouver', 'BC', 'V1V 1J1', 2),
(39, '8283 Greenwood St', 'house', '604-012-3456', 'Vancouver', 'BC', 'V2V 2K2', 4),
(40, '8485 Hickory Ave', 'semidetached house', '604-123-4567', 'Vancouver', 'BC', 'V3V 3L3', 3),
(41, '8687 Ironwood Rd', 'apartment', '604-234-5678', 'Vancouver', 'BC', 'V4V 4M4', 2),
(42, '8889 Junewood Dr', 'house', '604-345-6789', 'Vancouver', 'BC', 'V5V 5N5', 5),
(43, '9091 Kingwood Ave', 'semidetached house', '604-456-7890', 'Vancouver', 'BC', 'V6V 6O6', 3),
(44, '9293 Lakeview St', 'apartment', '604-567-8901', 'Vancouver', 'BC', 'V7V 7P7', 2),
(45, '9495 Mapleridge Rd', 'house', '604-678-9012', 'Vancouver', 'BC', 'V8V 8Q8', 4),
(46, '9697 Narrows Ave', 'condominium', '604-789-0123', 'Vancouver', 'BC', 'V9V 9R9', 2),
(47, '99101 Oakwood Dr', 'apartment', '613-012-3456', 'Ottawa', 'ON', 'K1K 1S1', 1),
(48, '103105 Pine Ave', 'house', '613-123-4567', 'Ottawa', 'ON', 'K2K 2T2', 5),
(49, '107109 Queen St', 'semidetached house', '613-234-5678', 'Ottawa', 'ON', 'K3K 3U3', 3),
(50, '111113 River Rd', 'apartment', '613-345-6789', 'Ottawa', 'ON', 'K4K 4V4', 2),
(51, '115117 Sunset Blvd', 'house', '613-456-7890', 'Ottawa', 'ON', 'K5K 5W5', 4),
(52, '119121 Valley Dr', 'condominium', '613-567-8901', 'Ottawa', 'ON', 'K6K 6X6', 2),
(53, '123125 Willow Ave', 'apartment', '613-678-9012', 'Ottawa', 'ON', 'K7K 7Y7', 1),
(54, '127129 Xavier St', 'house', '613-789-0123', 'Ottawa', 'ON', 'K8K 8Z8', 5),
(55, '131133 Yale Rd', 'semidetached house', '613-890-1234', 'Ottawa', 'ON', 'K9K 9A9', 3),
(56, '135137 Zephyr Ave', 'apartment', '613-901-2345', 'Ottawa', 'ON', 'K1K 1S1', 2),
(57, '139141 Applewood Dr', 'house', '613-012-3456', 'Ottawa', 'ON', 'K2K 2T2', 4),
(58, '143145 Birchwood St', 'semidetached house', '613-123-4567', 'Ottawa', 'ON', 'K3K 3U3', 3),
(59, '147149 Cedarwood Ave', 'apartment', '613-234-5678', 'Ottawa', 'ON', 'K4K 4V4', 2),
(60, '151153 Dogwood Rd', 'house', '613-345-6789', 'Ottawa', 'ON', 'K5K 5W5', 4),
(61, '155157 Elmwood Blvd', 'semidetached house', '613-456-7890', 'Ottawa', 'ON', 'K6K 6X6', 3),
(62, '159161 Firwood Dr', 'apartment', '613-567-8901', 'Ottawa', 'ON', 'K7K 7Y7', 2),
(63, '163165 Greenwood St', 'house', '613-678-9012', 'Ottawa', 'ON', 'K8K 8Z8', 5),
(64, '167169 Hickory Ave', 'semidetached house', '613-789-0123', 'Ottawa', 'ON', 'K9K 9A9', 3),
(65, '171173 Ironwood Rd', 'apartment', '514-012-3456', 'Montreal', 'QC', 'H1H 1H1', 1),
(66, '175177 Junewood Dr', 'house', '514-123-4567', 'Montreal', 'QC', 'H2H 2H2', 5),
(67, '179181 Kingwood Ave', 'semidetached house', '514-234-5678', 'Montreal', 'QC', 'H3H 3H3', 3),
(68, '183185 Lakeview St', 'apartment', '514-345-6789', 'Montreal', 'QC', 'H4H 4H4', 2),
(69, '187189 Mapleridge Rd', 'house', '514-456-7890', 'Montreal', 'QC', 'H5H 5H5', 4),
(70, '191193 Narrows Ave', 'condominium', '514-567-8901', 'Montreal', 'QC', 'H6H 6H6', 2),
(71, '195197 Oakwood Dr', 'apartment', '514-678-9012', 'Montreal', 'QC', 'H7H 7H7', 1),
(72, '199201 Pine Ave', 'house', '514-789-0123', 'Montreal', 'QC', 'H8H 8H8', 5),
(73, '203205 Queen St', 'semidetached house', '514-890-1234', 'Montreal', 'QC', 'H9H 9H9', 3),
(74, '207209 River Rd', 'apartment', '514-901-2345', 'Montreal', 'QC', 'H1H 1H1', 2),
(75, '211213 Sunset Blvd', 'house', '514-012-3456', 'Montreal', 'QC', 'H2H 2H2', 4),
(76, '215217 Valley Dr', 'condominium', '514-123-4567', 'Montreal', 'QC', 'H3H 3H3', 2),
(77, '219221 Willow Ave', 'apartment', '514-234-5678', 'Montreal', 'QC', 'H4H 4H4', 1),
(78, '223225 Xavier St', 'house', '514-345-6789', 'Montreal', 'QC', 'H5H 5H5', 5),
(79, '227229 Yale Rd', 'semidetached house', '514-456-7890', 'Montreal', 'QC', 'H6H 6H6', 3),
(80, '231233 Zephyr Ave', 'apartment', '514-567-8901', 'Montreal', 'QC', 'H7H 7H7', 2),
(81, '235237 Applewood Dr', 'house', '514-678-9012', 'Montreal', 'QC', 'H8H 8H8', 4),
(82, '239241 Birchwood St', 'semidetached house', '514-789-0123', 'Montreal', 'QC', 'H9H 9H9', 3),
(83, '243245 Cedarwood Ave', 'apartment', '514-890-1234', 'Montreal', 'QC', 'H1H 1H1', 2),
(84, '247249 Dogwood Rd', 'house', '514-901-2345', 'Montreal', 'QC', 'H2H 2H2', 4),
(85, '251253 Elmwood Blvd', 'semidetached house', '514-012-3456', 'Montreal', 'QC', 'H3H 3H3', 3),
(86, '255257 Firwood Dr', 'apartment', '514-123-4567', 'Montreal', 'QC', 'H4H 4H4', 2),
(87, '259261 Greenwood St', 'house', '514-234-5678', 'Montreal', 'QC', 'H5H 5H5', 5),
(88, '263265 Hickory Ave', 'condominium', '514-345-6789', 'Montreal', 'QC', 'H6H 6H6', 2),
(89, '267269 Ironwood Rd', 'apartment', '514-456-7890', 'Montreal', 'QC', 'H7H 7H7', 1),
(90, '271273 Junewood Dr', 'house', '514-567-8901', 'Montreal', 'QC', 'H8H 8H8', 5),
(91, '275277 Kingwood Ave', 'semidetached house', '514-678-9012', 'Montreal', 'QC', 'H9H 9H9', 3),
(92, '279281 Lakeview St', 'apartment', '514-789-0123', 'Montreal', 'QC', 'H1H 1H1', 2),
(93, '283285 Mapleridge Rd', 'house', '514-890-1234', 'Montreal', 'QC', 'H2H 2H2', 4),
(94, '287289 Narrows Ave', 'condominium', '514-901-2345', 'Montreal', 'QC', 'H3H 3H3', 2),
(95, '291293 Oakwood Dr', 'apartment', '514-012-3456', 'Montreal', 'QC', 'H4H 4H4', 1),
(96, '295297 Pine Ave', 'house', '514-123-4567', 'Montreal', 'QC', 'H5H 5H5', 5),
(97, '299301 Queen St', 'semidetached house', '514-234-5678', 'Montreal', 'QC', 'H6H 6H6', 3),
(98, '303305 River Rd', 'apartment', '514-345-6789', 'Montreal', 'QC', 'H7H 7H7', 2),
(99, '307309 Sunset Blvd', 'house', '514-456-7890', 'Montreal', 'QC', 'H8H 8H8', 4),
(100, '311313 Valley Dr', 'condominium', '514-567-8901', 'Montreal', 'QC', 'H9H 9H9', 2);


CREATE TABLE PrimaryLiving (
    rid INT,
    pid INT,
    FOREIGN KEY (rid) REFERENCES Residences(rid),
    FOREIGN KEY (pid) REFERENCES Persons(pid),
    PRIMARY KEY (rid, pid)
);

INSERT INTO PrimaryLiving VALUES
(30, 1),
(69, 2),
(5, 3),
(28, 4),
(88, 5),
(47, 6),
(7, 7),
(14, 8),
(54, 9),
(38, 10),
(81, 11),
(57, 12),
(59, 13),
(3, 14),
(72, 15),
(6, 16),
(64, 17),
(56, 18),
(28, 19),
(57, 20),
(64, 21),
(68, 22),
(11, 23),
(19, 24),
(62, 25),
(11, 26),
(84, 27),
(10, 28),
(90, 29),
(19, 30),
(2, 31),
(76, 32),
(52, 33),
(35, 34),
(43, 35),
(59, 36),
(95, 37),
(50, 38),
(33, 39),
(52, 40),
(43, 41),
(61, 42),
(98, 43),
(59, 44),
(89, 45),
(11, 46),
(35, 47),
(48, 48),
(50, 49),
(51, 50),
(89, 51),
(88, 52),
(61, 53),
(64, 54),
(17, 55),
(58, 56),
(38, 57),
(80, 58),
(44, 59),
(94, 60),
(98, 61),
(39, 62),
(16, 63),
(45, 64),
(55, 65),
(92, 66),
(28, 67),
(8, 68),
(27, 69),
(90, 70),
(38, 71),
(84, 72),
(51, 73),
(67, 74),
(49, 75),
(40, 76),
(65, 77),
(46, 78),
(44, 79),
(16, 80),
(18, 81),
(47, 82),
(98, 83),
(90, 84),
(17, 85),
(82, 86),
(93, 87),
(66, 88),
(62, 89),
(13, 90),
(45, 91),
(21, 92),
(65, 93),
(49, 94),
(93, 95),
(31, 96),
(43, 97),
(77, 98),
(30, 99),
(40, 100),
(30, 101),
(49, 102),
(14, 103),
(69, 104),
(63, 105),
(81, 106),
(90, 107),
(76, 108),
(26, 109),
(18, 110),
(66, 111),
(50, 112),
(55, 113),
(58, 114),
(71, 115),
(58, 116),
(10, 117),
(27, 118),
(77, 119),
(65, 120),
(74, 121),
(96, 122),
(14, 123),
(57, 124),
(60, 125),
(36, 126),
(27, 127),
(19, 128),
(83, 129),
(77, 130),
(73, 131),
(72, 132),
(40, 133),
(95, 134),
(21, 135),
(21, 136),
(14, 137),
(56, 138),
(31, 139),
(86, 140),
(22, 141),
(53, 142),
(54, 143),
(44, 144),
(10, 145),
(37, 146),
(51, 147),
(99, 148),
(96, 149),
(45, 150);


CREATE TABLE SecondaryLiving (
    rid INT,
    pid INT,
    FOREIGN KEY (rid) REFERENCES Residences(rid),
    FOREIGN KEY (pid) REFERENCES Persons(pid),
    PRIMARY KEY (rid, pid)
);

INSERT INTO SecondaryLiving VALUES
(33, 87),
(72, 37),
(91, 20),
(51, 48),
(47, 81),
(60, 135),
(24, 123),
(3, 93),
(5, 54),
(49, 68),
(28, 129),
(94, 81),
(62, 5),
(9, 61),
(76, 110),
(86, 104),
(57, 120),
(67, 143),
(78, 129),
(47, 119),
(54, 72),
(85, 3),
(23, 134),
(82, 64),
(26, 71),
(60, 148),
(10, 45),
(22, 51),
(86, 25),
(77, 37),
(75, 47),
(81, 20),
(100, 83),
(43, 131),
(46, 115),
(98, 65),
(62, 3),
(99, 46),
(34, 53),
(43, 76),
(15, 47),
(15, 98),
(82, 15),
(46, 110),
(36, 85),
(33, 118),
(11, 114),
(84, 66),
(36, 61),
(77, 142),
(65, 147),
(97, 91),
(39, 61),
(73, 124),
(12, 128),
(93, 69),
(58, 10),
(46, 93),
(71, 131),
(87, 69),
(17, 30),
(65, 86),
(65, 32),
(95, 148),
(31, 39),
(54, 111),
(17, 29),
(46, 23),
(17, 5),
(35, 46),
(15, 95),
(5, 10),
(7, 54),
(16, 111),
(79, 50),
(87, 48),
(44, 1),
(86, 141),
(97, 48),
(44, 47),
(44, 76),
(38, 105),
(54, 104),
(84, 8),
(62, 80),
(49, 101),
(97, 37),
(82, 3),
(91, 32),
(63, 1),
(85, 145),
(13, 1),
(85, 63),
(89, 147),
(60, 145),
(65, 28),
(31, 54),
(14, 33),
(99, 97),
(42, 143),
(56, 91),
(70, 148),
(94, 41),
(19, 71),
(84, 87);


CREATE TABLE Relationship (
    pid1 INT,
    pid2 INT,
    type ENUM('roommate', 'partner', 'parent', 'dependent'),
    FOREIGN KEY (pid1) REFERENCES Persons(pid),
    FOREIGN KEY (pid2) REFERENCES Persons(pid),
    PRIMARY KEY (pid1, pid2)
);

# pid1 is type of pid2, example John is dependent of Paul
INSERT INTO Relationship VALUES
(81, 7, 'dependent'),
(13, 136, 'dependent'),
(110, 74, 'dependent'),
(147, 82, 'partner'),
(33, 91, 'dependent'),
(94, 14, 'partner'),
(73, 78, 'dependent'),
(26, 18, 'parent'),
(126, 78, 'partner'),
(43, 148, 'roommate'),
(79, 18, 'parent'),
(69, 10, 'roommate'),
(27, 57, 'parent'),
(18, 75, 'dependent'),
(74, 50, 'dependent'),
(114, 29, 'parent'),
(61, 117, 'dependent'),
(95, 28, 'partner'),
(7, 24, 'dependent'),
(130, 15, 'roommate'),
(17, 16, 'parent'),
(86, 68, 'dependent'),
(41, 117, 'partner'),
(94, 95, 'roommate'),
(60, 80, 'roommate'),
(14, 82, 'partner'),
(122, 147, 'partner'),
(66, 78, 'dependent'),
(61, 2, 'parent'),
(22, 69, 'partner'),
(117, 79, 'parent'),
(18, 90, 'parent'),
(136, 75, 'dependent'),
(142, 134, 'roommate'),
(1, 91, 'partner'),
(55, 139, 'dependent'),
(63, 110, 'roommate'),
(56, 136, 'parent'),
(45, 117, 'roommate'),
(73, 125, 'roommate'),
(56, 13, 'partner'),
(76, 25, 'dependent'),
(39, 147, 'dependent'),
(32, 38, 'partner'),
(122, 21, 'parent'),
(70, 57, 'roommate'),
(13, 127, 'partner'),
(45, 19, 'parent'),
(110, 108, 'roommate'),
(124, 113, 'parent');

CREATE TABLE Facilities (
    fid INT PRIMARY KEY,
    name VARCHAR(255),
    address VARCHAR(255),
    city VARCHAR(50),
    province VARCHAR(50),
    postalCode CHAR(10),
    telephone VARCHAR(15),
    webAddress VARCHAR(255),
    type ENUM('hospital', 'CLSC', 'clinic', 'pharmacy', 'special installment'),
    capacity INT,
    managerID INT,
    FOREIGN KEY (managerID) REFERENCES Persons(pid)
);

INSERT INTO Facilities VALUES
(1, 'Montreal General Hospital', '1650 Cedar Ave', 'Montreal', 'QC', 'H3G 1A4', '514-934-1934', 'http://montrealgeneralhospital.ca', 'Hospital', 500, 1),
(2, 'CLSC Cote-des-Neiges', '5700 Côte-des-Neiges Rd', 'Montreal', 'QC', 'H3T 2A8', '514-731-8531', 'http://clsc-cotedesneiges.ca', 'CLSC', 150, 2),
(3, 'Downtown Montreal Clinic', '1550 De Maisonneuve Blvd', 'Montreal', 'QC', 'H3G 1N2', '514-933-8383', 'http://downtownmontrealclinic.ca', 'clinic', 100, 3),
(4, 'Pharmaprix', '1120 Ste-Catherine St W', 'Montreal', 'QC', 'H3B 1H4', '514-866-3133', 'http://pharmaprix.ca', 'pharmacy', 50, 4),
(5, 'Special Installment for Research', '3450 University St', 'Montreal', 'QC', 'H3A 0E8', '514-398-6644', 'http://researchinstallment.ca', 'special installment', 200, 5),
(6, 'Hospital Maisonneuve Rosemont', '5415 de lAssomption Blvd', 'Montreal', 'QC', 'H1T 2M4', '514-252-3400', 'http://maisonneuverosemonthospital.ca', 'Hospital', 350, 6),
(7, 'CLSC Montréal South', '6901 Boulevard Decarie', 'Montreal', 'QC', 'H3W 3E4', '514-484-7878', 'http://clscmontrealsouth.ca', 'CLSC', 130, 7),
(8, 'Old Port Pharmacy', '97 de la Commune St E', 'Montreal', 'QC', 'H2Y 1J1', '514-861-2121', 'http://oldportpharmacy.ca', 'pharmacy', 45, 8),
(9, 'Mount Royal Clinic', '1260 Remembrance Rd', 'Montreal', 'QC', 'H3H 1A2', '514-849-1234', 'http://mountroyalclinic.ca', 'clinic', 75, 9),
(10, 'Special Therapy Unit', '1030 Mackay St', 'Montreal', 'QC', 'H3G 2H1', '514-933-4441', 'http://specialtherapyunit.ca', 'special installment', 90, 10),
(11, 'Vancouver General Hospital', '899 W 12th Ave', 'Vancouver', 'BC', 'V5Z 1M9', '604-875-4111', 'http://vancouvergeneralhospital.ca', 'Hospital', 1000, 11),
(12, 'Calgary Clinic', '1403 29 St NW', 'Calgary', 'AB', 'T2N 2T9', '403-944-1110', 'http://calgaryclinic.ca', 'clinic', 200, 12),
(13, 'Royal Alexandra Hospital', '10240 Kingsway NW', 'Edmonton', 'AB', 'T5H 3V9', '780-735-4111', 'http://royalalex.org', 'Hospital', 850, 13),
(14, 'Saskatoon City Hospital', '701 Queen St', 'Saskatoon', 'SK', 'S7K 0M7', '306-655-8000', 'http://saskatooncityhospital.ca', 'Hospital', 450, 14),
(15, 'Winnipeg Health Sciences Centre', '820 Sherbrook St', 'Winnipeg', 'MB', 'R3A 1R9', '204-787-3661', 'http://winnipeghealthsciencescentre.ca', 'Hospital', 700, 15);


CREATE TABLE Employees (
    fid INT,
    pid INT,
    role ENUM('nurse', 'doctor', 'cashier', 'pharmacist', 'receptionist', 'administrative personnel', 'security personnel', 'regular employee'),
    startDate DATE,
    endDate DATE,
    FOREIGN KEY (fid) REFERENCES Facilities(fid),
    FOREIGN KEY (pid) REFERENCES Persons(pid),
    PRIMARY KEY (fid, pid, startDate),
    CHECK (startDate = NULL or endDate = NULL or startDate < endDate)
);
INSERT INTO Employees VALUES
(1, 1, 'administrative personnel', '2023-12-29', NULL),
(2, 2, 'administrative personnel', '2020-12-04', NULL),
(3, 3, 'administrative personnel', '2020-12-26', NULL),
(4, 4, 'administrative personnel', '2016-09-29', NULL),
(5, 5, 'administrative personnel', '2018-03-30', NULL),
(6, 6, 'administrative personnel', '2014-04-20', NULL),
(7, 7, 'administrative personnel', '2016-03-18', NULL),
(8, 8, 'administrative personnel', '2022-09-15', NULL),
(9, 9, 'administrative personnel', '2020-06-17', NULL),
(10, 10, 'administrative personnel', '2018-03-22', NULL),
(11, 11, 'administrative personnel', '2016-04-01', NULL),
(12, 12, 'administrative personnel', '2015-12-11', NULL),
(13, 13, 'administrative personnel', '2019-01-31', NULL),
(14, 14, 'administrative personnel', '2015-06-16', NULL),
(15, 15, 'administrative personnel', '2020-05-07', NULL),
(1, 16, 'doctor', '2022-12-08', NULL),
(3, 17, 'doctor', '2018-12-10', NULL),
(11, 18, 'pharmacist', '2015-03-11', NULL),
(3, 19, 'cashier', '2017-01-16', NULL),
(10, 20, 'cashier', '2015-07-26', NULL),
(13, 21, 'doctor', '2020-06-09', NULL),
(13, 22, 'cashier', '2023-11-29', NULL),
(7, 23, 'receptionist', '2019-08-08', NULL),
(10, 24, 'receptionist', '2021-09-16', NULL),
(1, 25, 'pharmacist', '2023-02-13', NULL),
(5, 26, 'doctor', '2015-06-03', NULL),
(10, 27, 'cashier', '2017-08-14', NULL),
(14, 28, 'regular employee', '2016-05-10', NULL),
(10, 29, 'regular employee', '2014-08-20', NULL),
(10, 30, 'pharmacist', '2015-08-23', NULL),
(11, 31, 'security personnel', '2017-02-26', NULL),
(3, 32, 'regular employee', '2020-06-14', NULL),
(5, 33, 'regular employee', '2018-12-08', NULL),
(15, 34, 'receptionist', '2018-10-07', NULL),
(11, 35, 'regular employee', '2018-07-17', NULL),
(13, 36, 'cashier', '2024-01-25', NULL),
(5, 37, 'doctor', '2017-09-11', NULL),
(13, 38, 'doctor', '2019-07-22', NULL),
(12, 39, 'receptionist', '2019-01-21', NULL),
(6, 40, 'regular employee', '2022-05-20', NULL),
(5, 41, 'nurse', '2022-12-21', NULL),
(14, 42, 'cashier', '2023-06-20', NULL),
(1, 43, 'doctor', '2015-05-08', NULL),
(3, 44, 'pharmacist', '2016-04-24', NULL),
(4, 45, 'receptionist', '2019-11-30', NULL),
(3, 46, 'regular employee', '2020-01-16', NULL),
(13, 47, 'receptionist', '2017-10-30', NULL),
(10, 48, 'receptionist', '2016-11-05', NULL),
(3, 49, 'nurse', '2015-05-09', NULL),
(6, 50, 'pharmacist', '2022-05-25', NULL),
(2, 51, 'nurse', '2016-12-10', NULL),
(5, 52, 'security personnel', '2019-11-15', NULL),
(2, 53, 'cashier', '2015-12-26', NULL),
(3, 54, 'pharmacist', '2023-05-22', NULL),
(4, 55, 'regular employee', '2018-06-27', NULL),
(10, 56, 'regular employee', '2015-08-08', NULL),
(12, 57, 'pharmacist', '2017-02-17', NULL),
(7, 58, 'cashier', '2016-03-28', NULL),
(7, 59, 'nurse', '2022-12-05', NULL),
(13, 60, 'regular employee', '2014-04-08', NULL),
(11, 61, 'security personnel', '2020-08-18', NULL),
(13, 62, 'pharmacist', '2015-02-17', NULL),
(7, 63, 'nurse', '2020-11-28', NULL),
(8, 64, 'doctor', '2017-05-15', NULL),
(7, 65, 'doctor', '2017-12-03', NULL),
(15, 66, 'cashier', '2018-09-12', NULL),
(9, 67, 'nurse', '2014-10-19', NULL),
(6, 68, 'pharmacist', '2021-01-06', NULL),
(13, 69, 'receptionist', '2021-11-21', NULL),
(6, 70, 'receptionist', '2016-10-31', NULL),
(5, 71, 'regular employee', '2023-08-02', NULL),
(9, 72, 'nurse', '2015-08-21', NULL),
(12, 73, 'doctor', '2018-07-11', NULL),
(12, 74, 'cashier', '2018-09-10', NULL),
(10, 75, 'regular employee', '2015-12-15', NULL),
(7, 76, 'pharmacist', '2023-09-09', NULL),
(11, 77, 'regular employee', '2016-12-05', NULL),
(10, 78, 'doctor', '2017-06-08', NULL),
(12, 79, 'regular employee', '2023-09-22', NULL),
(15, 80, 'nurse', '2014-08-20', NULL),
(12, 81, 'doctor', '2023-09-28', NULL),
(7, 82, 'regular employee', '2014-07-08', NULL),
(13, 83, 'nurse', '2015-09-01', NULL),
(1, 84, 'doctor', '2023-08-30', NULL),
(13, 85, 'security personnel', '2015-07-21', NULL),
(6, 86, 'pharmacist', '2024-01-09', NULL),
(12, 87, 'regular employee', '2018-09-27', NULL),
(6, 88, 'pharmacist', '2018-08-21', NULL),
(10, 89, 'receptionist', '2020-04-16', NULL),
(13, 90, 'receptionist', '2015-01-06', NULL),
(6, 91, 'receptionist', '2021-10-30', NULL),
(11, 92, 'receptionist', '2016-08-18', NULL),
(14, 93, 'nurse', '2016-04-14', NULL),
(9, 94, 'regular employee', '2017-02-23', NULL),
(8, 95, 'nurse', '2024-01-25', NULL),
(6, 96, 'doctor', '2019-06-21', NULL),
(8, 97, 'security personnel', '2014-11-03', NULL),
(11, 98, 'security personnel', '2022-10-02', NULL),
(10, 99, 'nurse', '2017-08-26', NULL),
(11, 100, 'nurse', '2014-11-10', NULL),
(12, 101, 'cashier', '2020-02-06', NULL),
(9, 102, 'regular employee', '2015-07-27', NULL),
(5, 103, 'regular employee', '2022-06-05', NULL),
(2, 104, 'nurse', '2017-03-29', NULL),
(11, 105, 'nurse', '2017-02-17', NULL),
(10, 106, 'receptionist', '2024-03-01', NULL),
(15, 107, 'doctor', '2017-02-14', NULL),
(14, 108, 'security personnel', '2020-03-08', NULL),
(15, 109, 'regular employee', '2016-09-30', NULL),
(5, 110, 'pharmacist', '2015-07-24', NULL),
(13, 111, 'doctor', '2019-05-11', NULL),
(10, 112, 'cashier', '2019-05-06', NULL),
(12, 113, 'security personnel', '2023-04-13', NULL),
(11, 114, 'cashier', '2021-09-17', NULL),
(12, 115, 'security personnel', '2014-06-15', NULL),
(15, 116, 'doctor', '2022-10-07', '2024-12-31'),
(4, 117, 'security personnel', '2018-09-09', '2024-12-31'),
(9, 118, 'pharmacist', '2019-09-04', '2024-12-31'),
(6, 119, 'doctor', '2020-03-04', '2024-12-31'),
(14, 120, 'doctor', '2022-09-12', '2024-12-31'),
(6, 121, 'regular employee', '2024-02-23', '2024-12-31'),
(10, 122, 'cashier', '2022-12-27', '2024-12-31'),
(6, 123, 'security personnel', '2022-04-19', '2024-12-31'),
(15, 124, 'pharmacist', '2020-07-19', '2024-12-31'),
(13, 125, 'cashier', '2017-09-06', '2024-12-31'),
(12, 126, 'cashier', '2020-01-02', '2024-12-31'),
(6, 127, 'cashier', '2023-04-18', '2024-12-31'),
(11, 128, 'regular employee', '2024-03-21', '2024-12-31'),
(8, 129, 'receptionist', '2023-10-26', '2024-12-31'),
(10, 130, 'cashier', '2021-11-23', '2024-12-31'),
(1, 131, 'regular employee', '2023-11-26', '2024-12-31'),
(3, 132, 'security personnel', '2014-06-29', '2024-12-31'),
(11, 133, 'pharmacist', '2018-12-11', '2024-12-31'),
(14, 134, 'regular employee', '2020-12-01', '2024-12-31'),
(10, 135, 'nurse', '2014-12-06', '2024-12-31');


CREATE TABLE Vaccines (
    pid INT,
    fid INT,
    date DATE,
    type ENUM('Pfizer', 'Moderna', 'AstraZeneca', 'Johnson & Johnson'),
    FOREIGN KEY (pid) REFERENCES Persons(pid),
    FOREIGN KEY (fid) REFERENCES Facilities(fid),
    PRIMARY KEY (pid, fid, date)
);

INSERT INTO Vaccines VALUES
(1, 10, '2024-01-06', 'Moderna'),
(2, 4, '2024-01-06', 'Moderna'),
(3, 5, '2024-01-06', 'Moderna'),
(4, 9, '2024-01-06', 'AstraZeneca'),
(5, 14, '2024-01-06', 'Moderna'),
(6, 11, '2024-01-06', 'Pfizer'),
(7, 13, '2024-01-06', 'Moderna'),
(8, 4, '2024-01-06', 'Pfizer'),
(9, 6, '2024-01-06', 'Moderna'),
(10, 6, '2024-01-06', 'Pfizer'),
(11, 5, '2024-01-06', 'Pfizer'),
(12, 6, '2024-01-06', 'AstraZeneca'),
(13, 6, '2024-01-06', 'Pfizer'),
(14, 11, '2024-01-06', 'Johnson & Johnson'),
(15, 11, '2024-01-06', 'Pfizer'),
(16, 12, '2024-01-06', 'AstraZeneca'),
(17, 10, '2024-01-06', 'Pfizer'),
(18, 9, '2024-01-06', 'Pfizer'),
(19, 13, '2024-01-06', 'AstraZeneca'),
(20, 11, '2024-01-06', 'AstraZeneca'),
(21, 6, '2024-01-06', 'Pfizer'),
(22, 7, '2024-01-06', 'Pfizer'),
(23, 13, '2024-01-06', 'Johnson & Johnson'),
(24, 11, '2024-01-06', 'Johnson & Johnson'),
(25, 13, '2024-01-06', 'AstraZeneca'),
(26, 8, '2024-01-06', 'Johnson & Johnson'),
(27, 11, '2024-01-06', 'AstraZeneca'),
(28, 9, '2024-01-06', 'AstraZeneca'),
(29, 3, '2024-01-06', 'Pfizer'),
(30, 7, '2024-01-06', 'Johnson & Johnson'),
(32, 6, '2024-01-06', 'AstraZeneca'),
(33, 13, '2024-01-06', 'AstraZeneca'),
(34, 7, '2024-01-06', 'AstraZeneca'),
(35, 6, '2024-01-06', 'Pfizer'),
(36, 15, '2024-01-06', 'Pfizer'),
(37, 15, '2024-01-06', 'AstraZeneca'),
(38, 2, '2024-01-06', 'AstraZeneca'),
(39, 12, '2024-01-06', 'AstraZeneca'),
(40, 2, '2024-01-06', 'Pfizer'),
(41, 2, '2024-01-06', 'Johnson & Johnson'),
(42, 10, '2024-01-06', 'Pfizer'),
(43, 3, '2024-01-06', 'Moderna'),
(44, 5, '2024-01-06', 'Moderna'),
(45, 12, '2024-01-06', 'Johnson & Johnson'),
(46, 8, '2024-01-06', 'AstraZeneca'),
(47, 10, '2024-01-06', 'Pfizer'),
(48, 4, '2024-01-06', 'Pfizer'),
(49, 8, '2024-01-06', 'Moderna'),
(50, 7, '2024-01-06', 'Moderna'),
(52, 4, '2024-01-06', 'Pfizer'),
(53, 11, '2024-01-06', 'Pfizer'),
(54, 4, '2024-01-06', 'Pfizer'),
(55, 3, '2024-01-06', 'AstraZeneca'),
(56, 12, '2024-01-06', 'AstraZeneca'),
(58, 8, '2024-01-06', 'Pfizer'),
(59, 2, '2024-01-06', 'Johnson & Johnson'),
(60, 3, '2024-01-06', 'Pfizer'),
(61, 12, '2024-01-06', 'Moderna'),
(62, 12, '2024-01-06', 'Moderna'),
(63, 10, '2024-01-06', 'Pfizer'),
(64, 1, '2024-01-06', 'Pfizer'),
(65, 7, '2024-01-06', 'Moderna'),
(66, 9, '2024-01-06', 'Pfizer'),
(67, 13, '2024-01-06', 'AstraZeneca'),
(69, 7, '2024-01-06', 'Johnson & Johnson'),
(70, 4, '2024-01-06', 'Moderna'),
(71, 14, '2024-01-06', 'Johnson & Johnson'),
(72, 13, '2024-01-06', 'AstraZeneca'),
(73, 11, '2024-01-06', 'Pfizer'),
(74, 9, '2024-01-06', 'Johnson & Johnson'),
(75, 4, '2024-01-06', 'Johnson & Johnson'),
(76, 7, '2024-01-06', 'Pfizer'),
(77, 9, '2024-01-06', 'AstraZeneca'),
(78, 10, '2024-01-06', 'Johnson & Johnson'),
(79, 14, '2024-01-06', 'Moderna'),
(80, 15, '2024-01-06', 'AstraZeneca'),
(82, 12, '2024-01-06', 'Pfizer'),
(83, 11, '2024-01-06', 'Pfizer'),
(84, 3, '2024-01-06', 'Pfizer'),
(85, 5, '2024-01-06', 'Moderna'),
(86, 1, '2024-01-06', 'Pfizer'),
(87, 4, '2024-01-06', 'Moderna'),
(88, 13, '2024-01-06', 'Moderna'),
(89, 4, '2024-01-06', 'Johnson & Johnson'),
(91, 7, '2024-01-06', 'Pfizer'),
(92, 1, '2024-01-06', 'Pfizer'),
(93, 13, '2024-01-06', 'Pfizer'),
(94, 13, '2024-01-06', 'Moderna'),
(95, 2, '2024-01-06', 'Moderna'),
(96, 11, '2024-01-06', 'Pfizer'),
(97, 7, '2024-01-06', 'Pfizer'),
(98, 8, '2024-01-06', 'AstraZeneca'),
(99, 11, '2024-01-06', 'Pfizer'),
(101, 3, '2024-01-06', 'Pfizer'),
(102, 13, '2024-01-06', 'Moderna'),
(103, 8, '2024-01-06', 'Pfizer'),
(104, 2, '2024-01-06', 'Johnson & Johnson'),
(105, 13, '2024-01-06', 'Johnson & Johnson'),
(106, 2, '2024-01-06', 'Johnson & Johnson'),
(107, 9, '2024-01-06', 'Johnson & Johnson'),
(109, 8, '2024-01-06', 'Pfizer'),
(110, 1, '2024-01-06', 'AstraZeneca'),
(111, 13, '2024-01-06', 'Moderna'),
(112, 8, '2024-01-06', 'AstraZeneca'),
(113, 1, '2024-01-06', 'Johnson & Johnson'),
(114, 7, '2024-01-06', 'Pfizer'),
(115, 15, '2024-01-06', 'Pfizer'),
(116, 4, '2024-01-06', 'Pfizer'),
(118, 12, '2024-01-06', 'AstraZeneca'),
(119, 3, '2024-01-06', 'Pfizer'),
(120, 9, '2024-01-06', 'Johnson & Johnson'),
(121, 3, '2024-01-06', 'AstraZeneca'),
(122, 9, '2024-01-06', 'Moderna'),
(123, 3, '2024-01-06', 'Moderna'),
(124, 4, '2024-01-06', 'AstraZeneca'),
(125, 14, '2024-01-06', 'Pfizer'),
(126, 15, '2024-01-06', 'Moderna'),
(127, 13, '2024-01-06', 'Pfizer'),
(128, 8, '2024-01-06', 'Moderna'),
(129, 11, '2024-01-06', 'Pfizer'),
(130, 2, '2024-01-06', 'Moderna'),
(131, 7, '2024-01-06', 'AstraZeneca'),
(133, 3, '2024-01-06', 'Pfizer'),
(134, 8, '2024-01-06', 'Johnson & Johnson'),
(135, 4, '2024-01-06', 'Johnson & Johnson'),
(147, 13, '2024-01-06', 'Pfizer'),
(149, 5, '2024-01-06', 'AstraZeneca'),
(136, 9, '2024-01-06', 'Moderna'),
(140, 2, '2024-01-06', 'AstraZeneca'),
(141, 5, '2024-01-06', 'AstraZeneca');


CREATE TABLE Infections (
    pid INT,
    date DATE,
    type ENUM('COVID-19', 'SARS-Cov-2 Variant', 'other types'),
    FOREIGN KEY (pid) REFERENCES Persons(pid),
    PRIMARY KEY (pid, date)
);

INSERT INTO Infections VALUES
(3, '2022-11-06', 'COVID-19'),
(4, '2022-07-26', 'SARS-Cov-2 Variant'),
(6, '2022-08-28', 'other types'),
(7, '2022-05-10', 'SARS-Cov-2 Variant'),
(8, '2022-03-01', 'SARS-Cov-2 Variant'),
(12, '2022-06-14', 'COVID-19'),
(19, '2021-06-17', 'other types'),
(20, '2022-12-23', 'other types'),
(28, '2021-07-25', 'COVID-19'),
(28, '2022-08-10', 'other types'),
(28, '2023-01-06', 'other types'),
(32, '2023-01-30', 'COVID-19'),
(35, '2022-08-15', 'other types'),
(36, '2023-10-24', 'COVID-19'),
(43, '2023-07-09', 'SARS-Cov-2 Variant'),
(45, '2022-12-14', 'COVID-19'),
(50, '2023-06-10', 'other types'),
(52, '2021-04-14', 'other types'),
(54, '2022-12-18', 'other types'),
(56, '2022-12-30', 'other types'),
(59, '2023-08-18', 'SARS-Cov-2 Variant'),
(61, '2022-04-21', 'COVID-19'),
(62, '2021-04-22', 'other types'),
(63, '2021-06-26', 'other types'),
(64, '2023-10-15', 'SARS-Cov-2 Variant'),
(66, '2021-08-07', 'other types'),
(66, '2023-02-16', 'SARS-Cov-2 Variant'),
(69, '2022-09-27', 'SARS-Cov-2 Variant'),
(70, '2023-08-09', 'SARS-Cov-2 Variant'),
(72, '2022-08-17', 'COVID-19'),
(73, '2022-12-23', 'SARS-Cov-2 Variant'),
(84, '2022-08-11', 'other types'),
(89, '2021-09-24', 'other types'),
(91, '2022-01-08', 'other types'),
(100, '2021-06-04', 'COVID-19'),
(101, '2021-06-20', 'COVID-19'),
(101, '2022-06-20', 'COVID-19'),
(101, '2023-06-20', 'COVID-19'),
(111, '2022-09-28', 'SARS-Cov-2 Variant'),
(116, '2021-09-10', 'SARS-Cov-2 Variant'),
(117, '2021-10-04', 'SARS-Cov-2 Variant'),
(124, '2022-08-21', 'COVID-19'),
(127, '2021-06-18', 'SARS-Cov-2 Variant'),
(128, '2021-11-29', 'SARS-Cov-2 Variant'),
(128, '2023-12-17', 'SARS-Cov-2 Variant'),
(129, '2023-02-13', 'SARS-Cov-2 Variant'),
(131, '2023-01-24', 'other types'),
(145, '2021-08-19', 'SARS-Cov-2 Variant'),
(149, '2022-06-29', 'SARS-Cov-2 Variant'),
(21, '2023-04-01', 'other types'),
(28, '2023-04-01', 'other types'),
(32, '2023-04-01', 'COVID-19'),
(35, '2023-04-01', 'other types'),
(36, '2023-04-01', 'COVID-19'),
(43, '2023-04-01', 'SARS-Cov-2 Variant'),
(56, '2023-04-01', 'COVID-19'),
(73, '2023-04-01', 'SARS-Cov-2 Variant'),
(84, '2023-04-01', 'other types'),
(89, '2023-04-01', 'other types'),
(91, '2023-04-01', 'other types'),
(105, '2023-04-01', 'COVID-19'),
(111, '2023-04-01', 'COVID-19'),
(49, '2023-04-01', 'COVID-19'),
(120, '2023-04-01', 'COVID-19');
